contact_id,customer_id,contact_datetime,first_response_datetime,response_time_min,converted,contact_source_type,customer_type,product_id,product_category,product_subcategory,product_collection,is_payday_period,is_peak_season
C_C0001,C_U0153,2025-06-25 19:48:00,2025-06-29 12:25:00,5317,0,product_page,two_times,P0026,other_accessories,airpods_cases,unknown,1,0
C_C0002,C_U0178,2025-12-12 08:41:00,2025-12-12 14:10:00,329,1,general_contact,lead,unknown,unknown,unknown,unknown,0,1
C_C0003,C_U0351,2025-01-08 19:17:00,2025-01-09 21:59:00,1602,0,product_page,one_time,P0021,earphones,unknown,unknown,0,0
C_C0004,C_U0214,2025-07-24 08:46:00,2025-07-28 07:37:00,5691,1,product_page,one_time,P0007,retro_consoles,caseover_projector,unknown,0,0
C_C0005,C_U0150,2025-06-21 21:20:00,2025-06-22 05:21:00,481,0,general_contact,lead,P0019,kits_and_bundles,unknown,unknown,0,0
C_C0006,C_U0053,2025-12-15 18:00:00,2025-12-16 03:40:00,580,1,product_page,one_time,P0048,other_accessories,phone_cases,personalized_cases,0,1
C_C0007,C_U0017,2025-05-25 08:52:00,2025-05-29 02:56:00,5404,0,product_page,vip,P0009,car_accessories,unknown,unknown,1,0
C_C0008,C_U0226,2025-08-07 09:44:00,2025-08-09 04:56:00,2592,0,general_contact,lead,P0022,earphones,unknown,unknown,0,0
C_C0009,C_U0023,2025-07-04 12:24:00,2025-07-05 11:48:00,1404,1,product_page,lead,P0023,earphones,unknown,unknown,0,0
C_C0010,C_U0198,2025-08-28 11:47:00,2025-08-28 12:15:00,28,1,product_page,one_time,P0011,car_accessories,unknown,unknown,1,0
C_C0011,C_U0096,2025-09-23 22:53:00,2025-09-27 14:22:00,5249,0,general_contact,lead,P0001,retro_consoles,caseover_console,unknown,0,1
C_C0012,C_U0275,2025-11-22 10:10:00,2025-11-22 13:58:00,228,1,product_page,one_time,P0022,earphones,unknown,unknown,0,1
C_C0013,C_U0040,2025-11-12 11:18:00,2025-11-13 08:32:00,1274,1,product_page,one_time,P0013,cameras_and_accessories,unknown,unknown,0,1
C_C0014,C_U0272,2025-06-22 12:46:00,2025-06-25 23:14:00,4948,0,product_page,vip,P0016,cameras_and_accessories,unknown,unknown,0,0
C_C0015,C_U0288,2025-12-17 08:12:00,2025-12-17 16:25:00,493,0,product_page,lead,P0059,other_accessories,phone_cases,women,0,1
C_C0016,C_U0154,2025-06-15 17:07:00,2025-06-19 07:30:00,5183,0,general_contact,one_time,unknown,unknown,unknown,unknown,0,0
C_C0017,C_U0001,2025-10-11 12:33:00,2025-10-14 05:31:00,3898,1,product_page,lead,P0047,other_accessories,phone_cases,personalized_cases,0,0
C_C0018,C_U0298,2025-04-27 10:06:00,2025-04-30 16:48:00,4722,1,product_page,lead,P0020,kits_and_bundles,unknown,unknown,1,0
C_C0019,C_U0024,2025-08-02 15:50:00,2025-08-06 07:58:00,5288,1,general_contact,vip,unknown,unknown,unknown,unknown,1,0
C_C0020,C_U0263,2025-10-23 21:25:00,2025-10-23 21:51:00,26,0,product_page,one_time,P0008,retro_consoles,caseover_projector,unknown,0,0
C_C0021,C_U0030,2025-09-26 11:23:00,2025-09-26 18:16:00,413,0,general_contact,one_time,unknown,unknown,unknown,unknown,1,1
C_C0022,C_U0180,2025-08-20 22:23:00,2025-08-23 02:49:00,3146,0,product_page,vip,P0031,other_accessories,protection_accessories,unknown,0,0
C_C0023,C_U0205,2025-09-09 15:29:00,2025-09-10 04:49:00,800,0,product_page,lead,P0021,earphones,unknown,unknown,0,1
C_C0024,C_U0084,2025-04-11 22:09:00,2025-04-11 22:39:00,30,1,product_page,vip,P0036,other_accessories,chargers_and_others,unknown,0,0
C_C0025,C_U0140,2025-11-25 15:24:00,2025-11-25 23:19:00,475,0,general_contact,lead,unknown,unknown,unknown,unknown,1,1
C_C0026,C_U0092,2025-01-11 10:31:00,2025-01-13 04:59:00,2548,0,product_page,lead,P0049,other_accessories,phone_cases,cars,0,0
C_C0027,C_U0280,2025-06-15 13:12:00,2025-06-17 20:27:00,3315,0,product_page,vip,P0002,retro_consoles,caseover_console,unknown,0,0
C_C0028,C_U0114,2025-03-10 16:52:00,2025-03-13 13:42:00,4130,0,product_page,vip,P0038,other_accessories,phone_cases,all_phone_cases,0,0
C_C0029,C_U0171,2025-10-12 10:59:00,2025-10-14 11:24:00,2905,0,product_page,lead,P0009,car_accessories,unknown,unknown,0,0
C_C0030,C_U0225,2025-07-16 15:46:00,2025-07-18 19:39:00,3113,0,product_page,vip,P0047,other_accessories,phone_cases,personalized_cases,0,0
C_C0031,C_U0042,2025-02-27 20:25:00,2025-03-02 08:12:00,3587,0,general_contact,one_time,P0053,other_accessories,phone_cases,men,1,0
C_C0032,C_U0064,2025-03-13 20:32:00,2025-03-16 07:29:00,3537,1,product_page,lead,P0016,cameras_and_accessories,unknown,unknown,0,0
C_C0033,C_U0254,2025-01-25 14:01:00,2025-01-26 14:31:00,1470,1,product_page,two_times,P0004,retro_consoles,caseover_console,unknown,1,0
C_C0034,C_U0243,2025-06-20 11:54:00,2025-06-24 02:30:00,5196,0,product_page,one_time,P0045,other_accessories,phone_cases,personalized_cases,0,0
C_C0035,C_U0236,2025-03-26 17:42:00,2025-03-30 03:45:00,4923,0,general_contact,vip,P0016,cameras_and_accessories,unknown,unknown,1,0
C_C0036,C_U0339,2025-12-13 08:43:00,2025-12-13 17:42:00,539,1,general_contact,lead,P0010,car_accessories,unknown,unknown,0,1
C_C0037,C_U0234,2025-12-11 14:57:00,2025-12-11 21:45:00,408,1,general_contact,lead,unknown,unknown,unknown,unknown,0,1
C_C0038,C_U0325,2025-08-05 12:08:00,2025-08-09 08:13:00,5525,0,product_page,one_time,P0005,retro_consoles,caseover_projector,unknown,0,0
C_C0039,C_U0255,2025-11-24 18:14:00,2025-11-24 18:41:00,27,1,product_page,lead,P0022,earphones,unknown,unknown,0,1
C_C0040,C_U0336,2025-11-26 19:08:00,2025-11-27 08:30:00,802,1,product_page,lead,P0013,cameras_and_accessories,unknown,unknown,1,1
C_C0041,C_U0157,2025-10-25 13:29:00,2025-10-25 15:57:00,148,0,general_contact,one_time,P0021,earphones,unknown,unknown,1,0
C_C0042,C_U0232,2025-12-04 09:13:00,2025-12-07 12:11:00,4498,0,general_contact,one_time,P0019,kits_and_bundles,unknown,unknown,0,1
C_C0043,C_U0360,2025-12-18 14:12:00,2025-12-18 20:21:00,369,0,product_page,vip,P0054,other_accessories,phone_cases,men,0,1
C_C0044,C_U0269,2025-12-24 09:32:00,2025-12-24 10:13:00,41,0,product_page,vip,P0021,earphones,unknown,unknown,0,1
C_C0045,C_U0200,2025-07-12 16:02:00,2025-07-12 23:41:00,459,1,product_page,lead,P0014,cameras_and_accessories,unknown,unknown,0,0
C_C0046,C_U0280,2025-05-22 11:12:00,2025-05-24 17:24:00,3252,0,general_contact,vip,unknown,unknown,unknown,unknown,0,0
C_C0047,C_U0208,2025-04-10 11:09:00,2025-04-11 17:17:00,1808,0,product_page,one_time,P0019,kits_and_bundles,unknown,unknown,0,0
C_C0048,C_U0152,2025-01-02 19:32:00,2025-01-02 19:53:00,21,0,product_page,lead,P0021,earphones,unknown,unknown,1,0
C_C0049,C_U0235,2025-06-02 08:04:00,2025-06-03 04:10:00,1206,1,product_page,one_time,P0027,other_accessories,airpods_cases,unknown,1,0
C_C0050,C_U0222,2025-01-21 20:27:00,2025-01-23 08:51:00,2184,1,product_page,lead,P0023,earphones,unknown,unknown,0,0
C_C0051,C_U0159,2025-11-08 22:20:00,2025-11-09 00:35:00,135,1,product_page,one_time,P0018,kits_and_bundles,unknown,unknown,0,1
C_C0052,C_U0272,2025-04-06 17:19:00,2025-04-09 04:32:00,3553,0,product_page,two_times,P0055,other_accessories,phone_cases,men,0,0
C_C0053,C_U0017,2025-12-27 09:47:00,2025-12-27 20:14:00,627,1,product_page,vip,P0020,kits_and_bundles,unknown,unknown,1,1
C_C0054,C_U0105,2025-11-20 20:08:00,2025-11-21 17:27:00,1279,1,product_page,one_time,P0007,retro_consoles,caseover_projector,unknown,0,1
C_C0055,C_U0280,2025-12-11 10:13:00,2025-12-11 11:09:00,56,0,product_page,two_times,P0021,earphones,unknown,unknown,0,1
C_C0056,C_U0111,2025-04-07 09:34:00,2025-04-07 19:29:00,595,0,general_contact,lead,unknown,unknown,unknown,unknown,0,0
C_C0057,C_U0027,2025-07-20 20:14:00,2025-07-22 22:12:00,2998,0,general_contact,two_times,P0013,cameras_and_accessories,unknown,unknown,0,0
C_C0058,C_U0107,2025-11-04 19:14:00,2025-11-04 22:57:00,223,0,product_page,vip,P0015,cameras_and_accessories,unknown,unknown,0,1
C_C0059,C_U0047,2025-07-26 16:32:00,2025-07-28 09:39:00,2467,0,general_contact,vip,unknown,unknown,unknown,unknown,1,0
C_C0060,C_U0108,2025-01-01 14:53:00,2025-01-01 18:46:00,233,0,product_page,lead,P0060,other_accessories,phone_cases,women,1,0
C_C0061,C_U0001,2025-06-27 22:05:00,2025-06-28 11:44:00,819,0,product_page,vip,P0045,other_accessories,phone_cases,personalized_cases,1,0
C_C0062,C_U0221,2025-02-14 18:24:00,2025-02-17 03:34:00,3430,1,general_contact,one_time,unknown,unknown,unknown,unknown,0,0
C_C0063,C_U0332,2025-01-27 19:18:00,2025-01-31 07:44:00,5066,0,product_page,two_times,P0041,other_accessories,phone_cases,football,1,0
C_C0064,C_U0114,2025-10-27 09:25:00,2025-10-29 04:39:00,2594,0,general_contact,lead,P0030,other_accessories,protection_accessories,unknown,1,0
C_C0065,C_U0263,2025-03-05 18:26:00,2025-03-09 03:45:00,4879,0,product_page,one_time,P0004,retro_consoles,caseover_console,unknown,0,0
C_C0066,C_U0043,2025-02-05 21:10:00,2025-02-06 00:02:00,172,0,product_page,one_time,P0020,kits_and_bundles,unknown,unknown,0,0
C_C0067,C_U0039,2025-06-03 21:17:00,2025-06-06 16:53:00,4056,0,general_contact,vip,unknown,unknown,unknown,unknown,0,0
C_C0068,C_U0166,2025-09-07 11:56:00,2025-09-07 22:13:00,617,0,general_contact,lead,unknown,unknown,unknown,unknown,0,1
C_C0069,C_U0171,2025-10-05 13:09:00,2025-10-07 08:44:00,2615,0,general_contact,one_time,unknown,unknown,unknown,unknown,0,0
C_C0070,C_U0064,2025-04-06 18:16:00,2025-04-09 15:57:00,4181,1,general_contact,two_times,P0014,cameras_and_accessories,unknown,unknown,0,0
C_C0071,C_U0297,2025-03-04 13:33:00,2025-03-07 16:21:00,4488,0,general_contact,vip,P0007,retro_consoles,caseover_projector,unknown,0,0
C_C0072,C_U0243,2025-11-10 14:35:00,2025-11-10 18:41:00,246,0,product_page,vip,P0013,cameras_and_accessories,unknown,unknown,0,1
C_C0073,C_U0235,2025-01-24 08:50:00,2025-01-27 03:44:00,4014,1,product_page,vip,P0015,cameras_and_accessories,unknown,unknown,0,0
C_C0074,C_U0356,2025-09-14 20:13:00,2025-09-16 20:35:00,2902,0,general_contact,lead,unknown,unknown,unknown,unknown,0,1
C_C0075,C_U0046,2025-07-24 08:45:00,2025-07-27 16:59:00,4814,1,product_page,lead,P0020,kits_and_bundles,unknown,unknown,0,0
C_C0076,C_U0350,2025-09-23 20:28:00,2025-09-24 00:20:00,232,1,general_contact,one_time,P0003,retro_consoles,caseover_console,unknown,0,1
C_C0077,C_U0272,2025-12-12 20:12:00,2025-12-12 22:09:00,117,1,product_page,vip,P0020,kits_and_bundles,unknown,unknown,0,1
C_C0078,C_U0325,2025-11-06 20:58:00,2025-11-07 09:12:00,734,1,general_contact,two_times,unknown,unknown,unknown,unknown,0,1
C_C0079,C_U0309,2025-04-14 19:39:00,2025-04-14 20:36:00,57,0,product_page,lead,P0016,cameras_and_accessories,unknown,unknown,0,0
C_C0080,C_U0165,2025-11-19 13:04:00,2025-11-19 13:36:00,32,0,general_contact,lead,P0026,other_accessories,airpods_cases,unknown,0,1
C_C0081,C_U0338,2025-11-12 08:18:00,2025-11-16 07:05:00,5687,1,product_page,lead,P0005,retro_consoles,caseover_projector,unknown,0,1
C_C0082,C_U0319,2025-10-15 10:35:00,2025-10-19 08:29:00,5634,1,general_contact,one_time,P0011,car_accessories,unknown,unknown,0,0
C_C0083,C_U0029,2025-03-04 09:10:00,2025-03-07 03:28:00,3978,0,general_contact,one_time,unknown,unknown,unknown,unknown,0,0
C_C0084,C_U0202,2025-03-13 12:52:00,2025-03-17 08:15:00,5483,0,general_contact,lead,unknown,unknown,unknown,unknown,0,0
C_C0085,C_U0355,2025-07-03 15:17:00,2025-07-04 21:59:00,1842,0,general_contact,two_times,P0043,other_accessories,phone_cases,football,0,0
C_C0086,C_U0130,2025-07-27 09:19:00,2025-07-28 08:19:00,1380,0,general_contact,lead,P0017,kits_and_bundles,unknown,unknown,1,0
C_C0087,C_U0165,2025-05-10 13:57:00,2025-05-12 08:16:00,2539,0,product_page,vip,P0060,other_accessories,phone_cases,women,0,0
C_C0088,C_U0227,2025-11-01 15:47:00,2025-11-01 18:47:00,180,1,product_page,lead,P0023,earphones,unknown,unknown,1,1
C_C0089,C_U0100,2025-03-19 09:25:00,2025-03-22 13:24:00,4559,0,product_page,vip,P0012,car_accessories,unknown,unknown,0,0
C_C0090,C_U0280,2025-11-26 21:25:00,2025-11-26 21:50:00,25,1,product_page,vip,P0015,cameras_and_accessories,unknown,unknown,1,1
C_C0091,C_U0108,2025-10-23 09:43:00,2025-10-25 03:10:00,2487,0,product_page,one_time,P0048,other_accessories,phone_cases,personalized_cases,0,0
C_C0092,C_U0289,2025-02-15 22:59:00,2025-02-15 23:47:00,48,1,product_page,lead,P0044,other_accessories,phone_cases,football,0,0
C_C0093,C_U0068,2025-11-08 11:50:00,2025-11-08 14:14:00,144,0,general_contact,vip,unknown,unknown,unknown,unknown,0,1
C_C0094,C_U0048,2025-04-16 21:42:00,2025-04-18 05:56:00,1934,0,product_page,vip,P0020,kits_and_bundles,unknown,unknown,0,0
C_C0095,C_U0139,2025-08-01 16:12:00,2025-08-02 01:43:00,571,1,general_contact,vip,P0012,car_accessories,unknown,unknown,1,0
C_C0096,C_U0124,2025-08-17 18:09:00,2025-08-20 23:28:00,4639,0,product_page,two_times,P0012,car_accessories,unknown,unknown,0,0
C_C0097,C_U0281,2025-02-23 19:11:00,2025-02-27 07:02:00,5031,0,general_contact,one_time,P0016,cameras_and_accessories,unknown,unknown,0,0
C_C0098,C_U0054,2025-04-02 08:03:00,2025-04-04 01:17:00,2474,0,product_page,one_time,P0024,earphones,unknown,unknown,1,0
C_C0099,C_U0103,2025-12-11 20:32:00,2025-12-11 21:14:00,42,0,product_page,lead,P0023,earphones,unknown,unknown,0,1
C_C0100,C_U0337,2025-10-02 10:47:00,2025-10-03 17:27:00,1840,1,general_contact,two_times,P0003,retro_consoles,caseover_console,unknown,1,0
C_C0101,C_U0338,2025-07-05 11:24:00,2025-07-06 17:10:00,1786,0,general_contact,two_times,P0017,kits_and_bundles,unknown,unknown,0,0
C_C0102,C_U0265,2025-12-15 20:17:00,2025-12-17 23:57:00,3100,1,general_contact,lead,unknown,unknown,unknown,unknown,0,1
C_C0103,C_U0238,2025-07-19 20:14:00,2025-07-21 13:37:00,2483,0,general_contact,one_time,P0021,earphones,unknown,unknown,0,0
C_C0104,C_U0142,2025-11-18 18:29:00,2025-11-18 20:03:00,94,0,product_page,lead,P0033,other_accessories,chargers_and_others,unknown,0,1
C_C0105,C_U0300,2025-07-21 20:55:00,2025-07-23 09:31:00,2196,0,general_contact,lead,P0020,kits_and_bundles,unknown,unknown,0,0
C_C0106,C_U0155,2025-03-04 12:49:00,2025-03-05 21:29:00,1960,0,product_page,two_times,P0022,earphones,unknown,unknown,0,0
C_C0107,C_U0159,2025-07-11 13:06:00,2025-07-11 13:49:00,43,1,product_page,one_time,P0054,other_accessories,phone_cases,men,0,0
C_C0108,C_U0264,2025-11-20 15:16:00,2025-11-20 19:05:00,229,1,product_page,vip,P0024,earphones,unknown,unknown,0,1
C_C0109,C_U0085,2025-05-22 10:53:00,2025-05-26 04:15:00,5362,0,product_page,two_times,P0034,other_accessories,chargers_and_others,unknown,0,0
C_C0110,C_U0293,2025-09-06 21:39:00,2025-09-07 01:03:00,204,0,general_contact,vip,unknown,unknown,unknown,unknown,0,1
C_C0111,C_U0174,2025-12-04 13:12:00,2025-12-07 15:32:00,4460,1,general_contact,vip,P0014,cameras_and_accessories,unknown,unknown,0,1
C_C0112,C_U0082,2025-12-06 10:58:00,2025-12-06 11:58:00,60,0,product_page,one_time,P0015,cameras_and_accessories,unknown,unknown,0,1
C_C0113,C_U0336,2025-01-26 12:46:00,2025-01-26 13:08:00,22,1,general_contact,vip,P0005,retro_consoles,caseover_projector,unknown,1,0
C_C0114,C_U0215,2025-09-23 14:19:00,2025-09-23 15:17:00,58,1,product_page,lead,P0026,other_accessories,airpods_cases,unknown,0,1
C_C0115,C_U0027,2025-12-22 15:06:00,2025-12-23 12:25:00,1279,1,product_page,one_time,P0008,retro_consoles,caseover_projector,unknown,0,1
C_C0116,C_U0278,2025-02-24 20:24:00,2025-02-24 21:16:00,52,0,product_page,lead,P0018,kits_and_bundles,unknown,unknown,0,0
C_C0117,C_U0248,2025-10-14 22:43:00,2025-10-16 23:49:00,2946,0,product_page,two_times,P0042,other_accessories,phone_cases,football,0,0
C_C0118,C_U0105,2025-12-23 17:15:00,2025-12-24 03:23:00,608,1,product_page,one_time,P0017,kits_and_bundles,unknown,unknown,0,1
C_C0119,C_U0294,2025-04-12 11:09:00,2025-04-16 09:22:00,5653,1,product_page,lead,P0055,other_accessories,phone_cases,men,0,0
C_C0120,C_U0295,2025-11-26 08:24:00,2025-11-27 06:25:00,1321,1,product_page,two_times,P0012,car_accessories,unknown,unknown,1,1
C_C0121,C_U0007,2025-11-08 13:50:00,2025-11-09 07:28:00,1058,1,product_page,lead,P0014,cameras_and_accessories,unknown,unknown,0,1
C_C0122,C_U0195,2025-08-01 09:47:00,2025-08-02 03:27:00,1060,0,general_contact,lead,P0047,other_accessories,phone_cases,personalized_cases,1,0
C_C0123,C_U0106,2025-04-25 20:21:00,2025-04-28 21:46:00,4405,0,product_page,lead,P0038,other_accessories,phone_cases,all_phone_cases,1,0
C_C0124,C_U0272,2025-02-15 18:32:00,2025-02-17 09:28:00,2336,0,product_page,two_times,P0041,other_accessories,phone_cases,football,0,0
C_C0125,C_U0223,2025-11-15 12:53:00,2025-11-15 13:41:00,48,0,product_page,lead,P0004,retro_consoles,caseover_console,unknown,0,1
C_C0126,C_U0023,2025-05-19 12:01:00,2025-05-22 09:39:00,4178,1,general_contact,one_time,unknown,unknown,unknown,unknown,0,0
C_C0127,C_U0236,2025-01-28 20:06:00,2025-01-29 04:43:00,517,1,general_contact,one_time,P0048,other_accessories,phone_cases,personalized_cases,1,0
C_C0128,C_U0215,2025-04-25 21:49:00,2025-04-29 18:01:00,5532,0,product_page,two_times,P0008,retro_consoles,caseover_projector,unknown,1,0
C_C0129,C_U0303,2025-12-26 19:15:00,2025-12-26 21:50:00,155,1,product_page,one_time,P0003,retro_consoles,caseover_console,unknown,1,1
C_C0130,C_U0249,2025-12-07 21:45:00,2025-12-08 07:22:00,577,1,product_page,one_time,P0010,car_accessories,unknown,unknown,0,1
C_C0131,C_U0298,2025-11-15 10:05:00,2025-11-15 20:50:00,645,1,product_page,vip,P0020,kits_and_bundles,unknown,unknown,0,1
C_C0132,C_U0288,2025-06-04 08:25:00,2025-06-06 06:37:00,2772,0,general_contact,lead,unknown,unknown,unknown,unknown,0,0
C_C0133,C_U0321,2025-06-17 13:27:00,2025-06-20 17:30:00,4563,0,product_page,lead,P0012,car_accessories,unknown,unknown,0,0
C_C0134,C_U0353,2025-09-15 21:19:00,2025-09-16 07:44:00,625,1,general_contact,vip,P0035,other_accessories,chargers_and_others,unknown,0,1
C_C0135,C_U0178,2025-09-11 08:50:00,2025-09-11 20:33:00,703,0,general_contact,lead,P0003,retro_consoles,caseover_console,unknown,0,1
C_C0136,C_U0354,2025-09-03 09:59:00,2025-09-03 10:29:00,30,0,general_contact,one_time,P0034,other_accessories,chargers_and_others,unknown,0,1
C_C0137,C_U0333,2025-09-14 12:10:00,2025-09-14 13:29:00,79,1,product_page,lead,P0009,car_accessories,unknown,unknown,0,1
C_C0138,C_U0156,2025-12-20 11:09:00,2025-12-20 16:57:00,348,0,product_page,lead,P0002,retro_consoles,caseover_console,unknown,0,1
C_C0139,C_U0125,2025-08-08 14:39:00,2025-08-11 02:17:00,3578,0,product_page,two_times,P0019,kits_and_bundles,unknown,unknown,0,0
C_C0140,C_U0108,2025-12-17 11:24:00,2025-12-17 20:57:00,573,0,product_page,one_time,P0028,other_accessories,airpods_cases,unknown,0,1
C_C0141,C_U0289,2025-10-13 22:52:00,2025-10-15 11:13:00,2181,0,product_page,vip,P0017,kits_and_bundles,unknown,unknown,0,0
C_C0142,C_U0208,2025-11-21 19:18:00,2025-11-22 09:37:00,859,1,general_contact,one_time,P0029,other_accessories,protection_accessories,unknown,0,1
C_C0143,C_U0063,2025-03-24 09:11:00,2025-03-24 10:02:00,51,1,general_contact,lead,unknown,unknown,unknown,unknown,0,0
C_C0144,C_U0283,2025-02-14 13:57:00,2025-02-14 16:53:00,176,0,product_page,one_time,P0037,other_accessories,phone_cases,all_phone_cases,0,0
C_C0145,C_U0359,2025-12-11 21:09:00,2025-12-12 01:01:00,232,1,product_page,two_times,P0014,cameras_and_accessories,unknown,unknown,0,1
C_C0146,C_U0045,2025-09-19 21:35:00,2025-09-20 15:15:00,1060,1,product_page,vip,P0020,kits_and_bundles,unknown,unknown,0,1
C_C0147,C_U0081,2025-10-17 15:45:00,2025-10-21 06:52:00,5227,1,product_page,one_time,P0047,other_accessories,phone_cases,personalized_cases,0,0
C_C0148,C_U0170,2025-06-23 15:26:00,2025-06-27 04:13:00,5087,0,general_contact,one_time,P0022,earphones,unknown,unknown,0,0
C_C0149,C_U0217,2025-12-15 09:42:00,2025-12-15 14:44:00,302,1,product_page,lead,P0019,kits_and_bundles,unknown,unknown,0,1
C_C0150,C_U0255,2025-09-05 18:20:00,2025-09-05 18:35:00,15,0,general_contact,one_time,P0032,other_accessories,protection_accessories,unknown,0,1
C_C0151,C_U0197,2025-11-14 15:43:00,2025-11-14 16:31:00,48,1,product_page,vip,P0027,other_accessories,airpods_cases,unknown,0,1
C_C0152,C_U0236,2025-09-20 08:36:00,2025-09-20 09:41:00,65,1,general_contact,one_time,unknown,unknown,unknown,unknown,0,1
C_C0153,C_U0171,2025-06-23 13:08:00,2025-06-27 04:30:00,5242,1,product_page,one_time,P0045,other_accessories,phone_cases,personalized_cases,0,0
C_C0154,C_U0316,2025-06-09 12:37:00,2025-06-09 16:32:00,235,1,general_contact,two_times,P0009,car_accessories,unknown,unknown,0,0
C_C0155,C_U0205,2025-10-07 13:17:00,2025-10-10 19:08:00,4671,0,general_contact,vip,P0033,other_accessories,chargers_and_others,unknown,0,0
C_C0156,C_U0237,2025-05-18 12:41:00,2025-05-20 05:33:00,2452,1,product_page,lead,P0011,car_accessories,unknown,unknown,0,0
C_C0157,C_U0216,2025-09-26 12:41:00,2025-09-26 15:01:00,140,1,general_contact,vip,P0019,kits_and_bundles,unknown,unknown,1,1
C_C0158,C_U0104,2025-11-20 17:58:00,2025-11-21 17:49:00,1431,0,product_page,one_time,P0024,earphones,unknown,unknown,0,1
C_C0159,C_U0194,2025-11-28 20:21:00,2025-11-28 21:22:00,61,1,product_page,two_times,P0026,other_accessories,airpods_cases,unknown,1,1
C_C0160,C_U0356,2025-06-08 10:51:00,2025-06-11 04:00:00,3909,1,general_contact,vip,P0034,other_accessories,chargers_and_others,unknown,0,0
C_C0161,C_U0300,2025-12-19 15:47:00,2025-12-19 16:20:00,33,0,general_contact,two_times,unknown,unknown,unknown,unknown,0,1
C_C0162,C_U0154,2025-12-26 19:13:00,2025-12-29 18:57:00,4304,1,product_page,vip,P0021,earphones,unknown,unknown,1,1
C_C0163,C_U0209,2025-12-08 20:57:00,2025-12-08 23:29:00,152,1,general_contact,vip,unknown,unknown,unknown,unknown,0,1
C_C0164,C_U0055,2025-07-04 08:49:00,2025-07-08 05:31:00,5562,0,general_contact,vip,unknown,unknown,unknown,unknown,0,0
C_C0165,C_U0090,2025-02-04 15:29:00,2025-02-04 18:04:00,155,1,product_page,lead,P0039,other_accessories,phone_cases,all_phone_cases,0,0
C_C0166,C_U0186,2025-06-03 17:52:00,2025-06-05 23:35:00,3223,1,product_page,vip,P0010,car_accessories,unknown,unknown,0,0
C_C0167,C_U0021,2025-10-09 18:11:00,2025-10-12 21:58:00,4547,1,general_contact,lead,unknown,unknown,unknown,unknown,0,0
C_C0168,C_U0107,2025-12-03 09:53:00,2025-12-03 10:10:00,17,1,general_contact,lead,unknown,unknown,unknown,unknown,0,1
C_C0169,C_U0127,2025-07-08 09:15:00,2025-07-10 10:24:00,2949,0,product_page,lead,P0001,retro_consoles,caseover_console,unknown,0,0
C_C0170,C_U0052,2025-11-10 08:11:00,2025-11-10 16:42:00,511,1,general_contact,one_time,P0015,cameras_and_accessories,unknown,unknown,0,1
C_C0171,C_U0346,2025-09-18 17:26:00,2025-09-19 21:31:00,1685,1,product_page,lead,P0019,kits_and_bundles,unknown,unknown,0,1
C_C0172,C_U0184,2025-09-03 08:02:00,2025-09-03 09:54:00,112,1,general_contact,two_times,unknown,unknown,unknown,unknown,0,1
C_C0173,C_U0093,2025-07-27 09:40:00,2025-07-30 08:08:00,4228,0,product_page,lead,P0016,cameras_and_accessories,unknown,unknown,1,0
C_C0174,C_U0146,2025-12-13 18:17:00,2025-12-13 20:22:00,125,1,product_page,one_time,P0025,other_accessories,airpods_cases,unknown,0,1
C_C0175,C_U0245,2025-12-28 22:40:00,2025-12-29 13:59:00,919,1,general_contact,lead,P0010,car_accessories,unknown,unknown,1,1
C_C0176,C_U0238,2025-12-13 09:01:00,2025-12-13 22:58:00,837,0,general_contact,one_time,P0033,other_accessories,chargers_and_others,unknown,0,1
C_C0177,C_U0104,2025-12-03 15:40:00,2025-12-04 06:10:00,870,1,product_page,two_times,P0058,other_accessories,phone_cases,women,0,1
C_C0178,C_U0321,2025-12-03 10:09:00,2025-12-04 09:24:00,1395,0,general_contact,two_times,unknown,unknown,unknown,unknown,0,1
C_C0179,C_U0031,2025-03-18 19:05:00,2025-03-20 10:16:00,2351,0,general_contact,one_time,unknown,unknown,unknown,unknown,0,0
C_C0180,C_U0330,2025-09-01 18:57:00,2025-09-01 19:11:00,14,1,product_page,lead,P0020,kits_and_bundles,unknown,unknown,1,1
C_C0181,C_U0084,2025-04-07 15:48:00,2025-04-10 00:20:00,3392,0,product_page,vip,P0010,car_accessories,unknown,unknown,0,0
C_C0182,C_U0231,2025-08-16 09:53:00,2025-08-18 12:19:00,3026,0,product_page,one_time,P0025,other_accessories,airpods_cases,unknown,0,0
C_C0183,C_U0228,2025-12-10 22:14:00,2025-12-10 23:21:00,67,1,general_contact,vip,P0001,retro_consoles,caseover_console,unknown,0,1
C_C0184,C_U0128,2025-03-21 17:11:00,2025-03-24 01:35:00,3384,0,product_page,vip,P0013,cameras_and_accessories,unknown,unknown,0,0
C_C0185,C_U0027,2025-12-12 16:49:00,2025-12-13 02:30:00,581,0,product_page,lead,P0055,other_accessories,phone_cases,men,0,1
C_C0186,C_U0058,2025-12-06 21:22:00,2025-12-07 07:05:00,583,1,product_page,vip,P0024,earphones,unknown,unknown,0,1
C_C0187,C_U0317,2025-12-17 12:17:00,2025-12-18 08:20:00,1203,1,product_page,two_times,P0002,retro_consoles,caseover_console,unknown,0,1
C_C0188,C_U0254,2025-03-18 17:38:00,2025-03-22 15:01:00,5603,0,product_page,two_times,P0004,retro_consoles,caseover_console,unknown,0,0
C_C0189,C_U0014,2025-04-20 18:18:00,2025-04-20 20:41:00,143,0,product_page,two_times,P0010,car_accessories,unknown,unknown,0,0
C_C0190,C_U0068,2025-09-03 08:48:00,2025-09-03 09:26:00,38,1,general_contact,one_time,unknown,unknown,unknown,unknown,0,1
C_C0191,C_U0220,2025-09-03 20:09:00,2025-09-03 22:58:00,169,0,product_page,vip,P0059,other_accessories,phone_cases,women,0,1
C_C0192,C_U0006,2025-04-25 18:12:00,2025-04-29 03:39:00,4887,0,product_page,one_time,P0023,earphones,unknown,unknown,1,0
C_C0193,C_U0086,2025-10-19 13:08:00,2025-10-20 13:40:00,1472,0,product_page,vip,P0022,earphones,unknown,unknown,0,0
C_C0194,C_U0099,2025-05-25 17:35:00,2025-05-25 17:43:00,8,0,product_page,lead,P0013,cameras_and_accessories,unknown,unknown,1,0
C_C0195,C_U0148,2025-07-19 16:47:00,2025-07-19 18:23:00,96,0,general_contact,one_time,P0002,retro_consoles,caseover_console,unknown,0,0
C_C0196,C_U0136,2025-08-22 20:08:00,2025-08-24 22:17:00,3009,0,product_page,vip,P0004,retro_consoles,caseover_console,unknown,0,0
C_C0197,C_U0182,2025-05-05 10:33:00,2025-05-07 10:41:00,2888,0,product_page,one_time,P0057,other_accessories,phone_cases,women,0,0
C_C0198,C_U0158,2025-12-18 11:12:00,2025-12-21 15:39:00,4587,1,product_page,lead,P0023,earphones,unknown,unknown,0,1
C_C0199,C_U0236,2025-10-05 15:35:00,2025-10-07 14:17:00,2802,0,product_page,two_times,P0023,earphones,unknown,unknown,0,0
C_C0200,C_U0357,2025-07-06 18:09:00,2025-07-08 15:02:00,2693,1,product_page,lead,P0021,earphones,unknown,unknown,0,0
C_C0201,C_U0310,2025-05-13 08:39:00,2025-05-17 08:02:00,5723,0,general_contact,vip,unknown,unknown,unknown,unknown,0,0
C_C0202,C_U0206,2025-08-05 09:24:00,2025-08-06 11:52:00,1588,0,product_page,one_time,P0022,earphones,unknown,unknown,0,0
C_C0203,C_U0160,2025-08-22 08:21:00,2025-08-23 04:40:00,1219,0,product_page,lead,P0022,earphones,unknown,unknown,0,0
C_C0204,C_U0097,2025-08-22 12:16:00,2025-08-25 04:02:00,3826,0,product_page,lead,P0013,cameras_and_accessories,unknown,unknown,0,0
C_C0205,C_U0032,2025-12-05 18:50:00,2025-12-06 02:24:00,454,0,general_contact,vip,unknown,unknown,unknown,unknown,0,1
C_C0206,C_U0272,2025-05-06 21:13:00,2025-05-10 06:26:00,4873,0,general_contact,lead,unknown,unknown,unknown,unknown,0,0
C_C0207,C_U0197,2025-04-21 15:29:00,2025-04-22 17:06:00,1537,0,product_page,vip,P0042,other_accessories,phone_cases,football,0,0
C_C0208,C_U0080,2025-10-12 20:58:00,2025-10-14 10:26:00,2248,0,general_contact,lead,unknown,unknown,unknown,unknown,0,0
C_C0209,C_U0047,2025-04-15 09:40:00,2025-04-17 22:54:00,3674,0,product_page,one_time,P0052,other_accessories,phone_cases,cars,0,0
C_C0210,C_U0152,2025-12-09 08:32:00,2025-12-09 09:31:00,59,1,product_page,lead,P0013,cameras_and_accessories,unknown,unknown,0,1
C_C0211,C_U0221,2025-03-15 08:11:00,2025-03-15 19:20:00,669,1,general_contact,one_time,P0002,retro_consoles,caseover_console,unknown,0,0
C_C0212,C_U0204,2025-12-03 13:59:00,2025-12-03 17:56:00,237,1,general_contact,one_time,P0002,retro_consoles,caseover_console,unknown,0,1
C_C0213,C_U0143,2025-07-27 19:34:00,2025-07-31 05:08:00,4894,0,product_page,two_times,P0008,retro_consoles,caseover_projector,unknown,1,0
C_C0214,C_U0043,2025-11-23 15:46:00,2025-11-24 10:45:00,1139,1,general_contact,vip,P0021,earphones,unknown,unknown,0,1
C_C0215,C_U0270,2025-01-06 14:11:00,2025-01-10 11:51:00,5620,0,product_page,lead,P0018,kits_and_bundles,unknown,unknown,0,0
C_C0216,C_U0289,2025-06-28 22:43:00,2025-07-02 16:34:00,5391,0,product_page,lead,P0011,car_accessories,unknown,unknown,1,0
C_C0217,C_U0147,2025-01-24 21:13:00,2025-01-24 22:06:00,53,0,product_page,two_times,P0059,other_accessories,phone_cases,women,0,0
C_C0218,C_U0186,2025-10-23 17:29:00,2025-10-23 20:57:00,208,1,product_page,lead,P0026,other_accessories,airpods_cases,unknown,0,0
C_C0219,C_U0339,2025-09-01 14:53:00,2025-09-01 19:45:00,292,1,product_page,vip,P0017,kits_and_bundles,unknown,unknown,1,1
C_C0220,C_U0185,2025-11-28 10:37:00,2025-11-28 16:02:00,325,1,product_page,lead,P0008,retro_consoles,caseover_projector,unknown,1,1
C_C0221,C_U0099,2025-11-27 12:57:00,2025-11-27 15:56:00,179,1,product_page,two_times,P0001,retro_consoles,caseover_console,unknown,1,1
C_C0222,C_U0174,2025-01-27 12:33:00,2025-01-27 15:11:00,158,1,product_page,vip,P0001,retro_consoles,caseover_console,unknown,1,0
C_C0223,C_U0312,2025-12-12 10:17:00,2025-12-12 22:16:00,719,1,product_page,vip,P0005,retro_consoles,caseover_projector,unknown,0,1
C_C0224,C_U0339,2025-04-22 08:30:00,2025-04-25 05:39:00,4149,1,product_page,lead,P0018,kits_and_bundles,unknown,unknown,0,0
C_C0225,C_U0022,2025-04-26 17:41:00,2025-04-29 22:37:00,4616,0,product_page,lead,P0002,retro_consoles,caseover_console,unknown,1,0
C_C0226,C_U0195,2025-02-16 18:14:00,2025-02-19 22:50:00,4596,0,product_page,vip,P0030,other_accessories,protection_accessories,unknown,0,0
C_C0227,C_U0022,2025-10-25 18:09:00,2025-10-29 04:50:00,4961,0,product_page,one_time,P0039,other_accessories,phone_cases,all_phone_cases,1,0
C_C0228,C_U0157,2025-04-08 21:21:00,2025-04-10 00:38:00,1637,1,product_page,vip,P0009,car_accessories,unknown,unknown,0,0
C_C0229,C_U0312,2025-10-27 21:02:00,2025-10-27 21:29:00,27,0,product_page,two_times,P0006,retro_consoles,caseover_projector,unknown,1,0
C_C0230,C_U0223,2025-12-26 19:11:00,2025-12-27 15:48:00,1237,1,product_page,lead,P0030,other_accessories,protection_accessories,unknown,1,1
C_C0231,C_U0031,2025-12-11 14:01:00,2025-12-14 20:34:00,4713,1,general_contact,lead,unknown,unknown,unknown,unknown,0,1
C_C0232,C_U0093,2025-01-06 21:56:00,2025-01-08 14:27:00,2431,1,product_page,one_time,P0006,retro_consoles,caseover_projector,unknown,0,0
C_C0233,C_U0358,2025-08-08 08:10:00,2025-08-10 09:47:00,2977,1,product_page,lead,P0018,kits_and_bundles,unknown,unknown,0,0
C_C0234,C_U0008,2025-11-21 22:56:00,2025-11-22 15:50:00,1014,0,product_page,lead,P0008,retro_consoles,caseover_projector,unknown,0,1
C_C0235,C_U0175,2025-03-11 15:15:00,2025-03-13 06:45:00,2370,1,general_contact,vip,unknown,unknown,unknown,unknown,0,0
C_C0236,C_U0239,2025-10-20 21:13:00,2025-10-24 01:05:00,4552,0,general_contact,lead,P0024,earphones,unknown,unknown,0,0
C_C0237,C_U0343,2025-12-13 08:58:00,2025-12-13 10:21:00,83,1,product_page,lead,P0022,earphones,unknown,unknown,0,1
C_C0238,C_U0109,2025-03-15 09:49:00,2025-03-18 12:43:00,4494,0,product_page,one_time,P0018,kits_and_bundles,unknown,unknown,0,0
C_C0239,C_U0018,2025-10-02 13:02:00,2025-10-02 20:12:00,430,0,product_page,lead,P0008,retro_consoles,caseover_projector,unknown,1,0
C_C0240,C_U0001,2025-08-23 12:07:00,2025-08-25 10:39:00,2792,0,product_page,vip,P0005,retro_consoles,caseover_projector,unknown,0,0
C_C0241,C_U0322,2025-07-15 11:44:00,2025-07-17 18:31:00,3287,0,general_contact,lead,P0018,kits_and_bundles,unknown,unknown,0,0
C_C0242,C_U0080,2025-12-08 08:56:00,2025-12-08 18:09:00,553,1,product_page,lead,P0025,other_accessories,airpods_cases,unknown,0,1
C_C0243,C_U0347,2025-11-23 19:26:00,2025-11-24 18:35:00,1389,0,general_contact,one_time,P0047,other_accessories,phone_cases,personalized_cases,0,1
C_C0244,C_U0226,2025-12-03 09:05:00,2025-12-03 11:42:00,157,1,general_contact,one_time,unknown,unknown,unknown,unknown,0,1
C_C0245,C_U0046,2025-10-06 09:03:00,2025-10-08 15:03:00,3240,0,general_contact,one_time,P0012,car_accessories,unknown,unknown,0,0
C_C0246,C_U0248,2025-06-12 20:08:00,2025-06-16 12:45:00,5317,0,product_page,lead,P0014,cameras_and_accessories,unknown,unknown,0,0
C_C0247,C_U0154,2025-05-09 20:40:00,2025-05-12 04:08:00,3328,0,general_contact,vip,unknown,unknown,unknown,unknown,0,0
C_C0248,C_U0323,2025-04-21 19:36:00,2025-04-23 10:56:00,2360,0,general_contact,vip,unknown,unknown,unknown,unknown,0,0
C_C0249,C_U0051,2025-04-07 11:39:00,2025-04-10 14:02:00,4463,0,product_page,vip,P0018,kits_and_bundles,unknown,unknown,0,0
C_C0250,C_U0346,2025-10-21 20:26:00,2025-10-23 22:20:00,2994,0,general_contact,lead,P0022,earphones,unknown,unknown,0,0
C_C0251,C_U0212,2025-07-11 18:11:00,2025-07-11 19:27:00,76,0,product_page,lead,P0012,car_accessories,unknown,unknown,0,0
C_C0252,C_U0167,2025-09-10 13:17:00,2025-09-10 14:11:00,54,1,product_page,vip,P0048,other_accessories,phone_cases,personalized_cases,0,1
C_C0253,C_U0078,2025-08-17 19:50:00,2025-08-20 11:07:00,3797,1,product_page,one_time,P0014,cameras_and_accessories,unknown,unknown,0,0
C_C0254,C_U0218,2025-09-23 20:48:00,2025-09-23 21:46:00,58,0,product_page,vip,P0008,retro_consoles,caseover_projector,unknown,0,1
C_C0255,C_U0109,2025-10-23 08:50:00,2025-10-23 23:01:00,851,0,product_page,lead,P0014,cameras_and_accessories,unknown,unknown,0,0
C_C0256,C_U0287,2025-03-03 19:32:00,2025-03-05 00:38:00,1746,0,product_page,one_time,P0010,car_accessories,unknown,unknown,0,0
C_C0257,C_U0120,2025-12-10 20:38:00,2025-12-10 22:23:00,105,1,product_page,two_times,P0042,other_accessories,phone_cases,football,0,1
C_C0258,C_U0061,2025-10-03 18:48:00,2025-10-05 06:11:00,2123,1,product_page,lead,P0023,earphones,unknown,unknown,0,0
C_C0259,C_U0149,2025-11-18 13:38:00,2025-11-19 03:43:00,845,0,general_contact,two_times,P0009,car_accessories,unknown,unknown,0,1
C_C0260,C_U0290,2025-11-19 17:30:00,2025-11-19 23:01:00,331,1,general_contact,vip,unknown,unknown,unknown,unknown,0,1
C_C0261,C_U0234,2025-11-03 13:43:00,2025-11-03 17:06:00,203,1,product_page,lead,P0029,other_accessories,protection_accessories,unknown,0,1
C_C0262,C_U0112,2025-12-21 16:54:00,2025-12-22 02:17:00,563,1,general_contact,two_times,unknown,unknown,unknown,unknown,0,1
C_C0263,C_U0193,2025-11-04 17:33:00,2025-11-05 02:50:00,557,1,general_contact,lead,P0019,kits_and_bundles,unknown,unknown,0,1
C_C0264,C_U0081,2025-03-28 16:57:00,2025-03-30 21:41:00,3164,0,general_contact,lead,P0019,kits_and_bundles,unknown,unknown,1,0
C_C0265,C_U0018,2025-12-20 16:22:00,2025-12-20 19:09:00,167,0,product_page,lead,P0017,kits_and_bundles,unknown,unknown,0,1
C_C0266,C_U0350,2025-12-05 18:41:00,2025-12-05 19:05:00,24,1,product_page,two_times,P0023,earphones,unknown,unknown,0,1
C_C0267,C_U0084,2025-11-07 12:20:00,2025-11-07 22:49:00,629,1,product_page,vip,P0020,kits_and_bundles,unknown,unknown,0,1
C_C0268,C_U0028,2025-11-22 16:42:00,2025-11-23 14:29:00,1307,0,general_contact,vip,unknown,unknown,unknown,unknown,0,1
C_C0269,C_U0024,2025-09-26 11:48:00,2025-09-26 12:10:00,22,0,product_page,lead,P0030,other_accessories,protection_accessories,unknown,1,1
C_C0270,C_U0271,2025-01-04 17:43:00,2025-01-06 03:29:00,2026,0,product_page,lead,P0052,other_accessories,phone_cases,cars,0,0
C_C0271,C_U0269,2025-09-07 11:21:00,2025-09-07 11:35:00,14,1,product_page,lead,P0005,retro_consoles,caseover_projector,unknown,0,1
C_C0272,C_U0207,2025-05-23 22:18:00,2025-05-24 20:24:00,1326,0,product_page,lead,P0052,other_accessories,phone_cases,cars,0,0
C_C0273,C_U0054,2025-04-17 15:04:00,2025-04-20 04:10:00,3666,0,product_page,one_time,P0004,retro_consoles,caseover_console,unknown,0,0
C_C0274,C_U0310,2025-07-17 15:13:00,2025-07-21 11:40:00,5547,0,general_contact,lead,P0008,retro_consoles,caseover_projector,unknown,0,0
C_C0275,C_U0013,2025-03-13 22:20:00,2025-03-16 23:30:00,4390,0,general_contact,one_time,P0013,cameras_and_accessories,unknown,unknown,0,0
C_C0276,C_U0154,2025-09-13 09:23:00,2025-09-13 16:54:00,451,1,product_page,vip,P0010,car_accessories,unknown,unknown,0,1
C_C0277,C_U0088,2025-08-12 22:09:00,2025-08-13 04:10:00,361,0,product_page,lead,P0013,cameras_and_accessories,unknown,unknown,0,0
C_C0278,C_U0091,2025-09-20 08:00:00,2025-09-20 13:20:00,320,0,product_page,lead,P0023,earphones,unknown,unknown,0,1
C_C0279,C_U0196,2025-11-23 17:01:00,2025-11-23 19:43:00,162,0,product_page,one_time,P0017,kits_and_bundles,unknown,unknown,0,1
C_C0280,C_U0064,2025-12-11 12:15:00,2025-12-11 15:45:00,210,1,product_page,lead,P0037,other_accessories,phone_cases,all_phone_cases,0,1
C_C0281,C_U0342,2025-02-21 22:06:00,2025-02-22 01:16:00,190,0,product_page,vip,P0014,cameras_and_accessories,unknown,unknown,0,0
C_C0282,C_U0358,2025-08-20 13:04:00,2025-08-23 11:39:00,4235,1,general_contact,lead,P0020,kits_and_bundles,unknown,unknown,0,0
C_C0283,C_U0212,2025-11-07 21:38:00,2025-11-07 23:51:00,133,1,general_contact,one_time,unknown,unknown,unknown,unknown,0,1
C_C0284,C_U0154,2025-12-26 10:10:00,2025-12-26 10:19:00,9,1,product_page,lead,P0035,other_accessories,chargers_and_others,unknown,1,1
C_C0285,C_U0321,2025-03-03 15:41:00,2025-03-05 14:36:00,2815,0,product_page,lead,P0014,cameras_and_accessories,unknown,unknown,0,0
C_C0286,C_U0226,2025-03-24 18:38:00,2025-03-26 12:57:00,2539,1,product_page,lead,P0009,car_accessories,unknown,unknown,0,0
C_C0287,C_U0141,2025-02-02 11:17:00,2025-02-03 10:37:00,1400,1,product_page,two_times,P0059,other_accessories,phone_cases,women,1,0
C_C0288,C_U0176,2025-09-21 15:59:00,2025-09-21 23:24:00,445,1,product_page,vip,P0033,other_accessories,chargers_and_others,unknown,0,1
C_C0289,C_U0339,2025-01-18 13:56:00,2025-01-18 17:14:00,198,0,product_page,lead,P0006,retro_consoles,caseover_projector,unknown,0,0
C_C0290,C_U0359,2025-07-24 12:06:00,2025-07-27 21:49:00,4903,0,general_contact,lead,P0011,car_accessories,unknown,unknown,0,0
C_C0291,C_U0012,2025-12-06 11:42:00,2025-12-06 23:02:00,680,1,product_page,one_time,P0009,car_accessories,unknown,unknown,0,1
C_C0292,C_U0111,2025-05-03 20:41:00,2025-05-07 01:27:00,4606,1,product_page,one_time,P0014,cameras_and_accessories,unknown,unknown,0,0
C_C0293,C_U0121,2025-10-19 18:35:00,2025-10-23 12:05:00,5370,0,general_contact,vip,P0004,retro_consoles,caseover_console,unknown,0,0
C_C0294,C_U0303,2025-12-15 18:53:00,2025-12-18 09:46:00,3773,1,general_contact,two_times,P0037,other_accessories,phone_cases,all_phone_cases,0,1
C_C0295,C_U0135,2025-12-27 22:13:00,2025-12-28 00:44:00,151,1,product_page,lead,P0017,kits_and_bundles,unknown,unknown,1,1
C_C0296,C_U0010,2025-02-20 12:07:00,2025-02-20 23:35:00,688,0,product_page,lead,P0024,earphones,unknown,unknown,0,0
C_C0297,C_U0197,2025-05-11 19:16:00,2025-05-11 22:53:00,217,1,product_page,lead,P0013,cameras_and_accessories,unknown,unknown,0,0
C_C0298,C_U0151,2025-11-19 18:09:00,2025-11-20 17:48:00,1419,0,product_page,lead,P0034,other_accessories,chargers_and_others,unknown,0,1
C_C0299,C_U0360,2025-04-19 21:24:00,2025-04-22 23:44:00,4460,1,product_page,lead,P0013,cameras_and_accessories,unknown,unknown,0,0
C_C0300,C_U0071,2025-09-09 09:21:00,2025-09-09 13:59:00,278,0,product_page,vip,P0011,car_accessories,unknown,unknown,0,1
C_C0301,C_U0182,2025-02-20 16:57:00,2025-02-24 11:51:00,5454,0,product_page,two_times,P0039,other_accessories,phone_cases,all_phone_cases,0,0
C_C0302,C_U0309,2025-10-20 13:42:00,2025-10-23 01:04:00,3562,0,product_page,two_times,P0010,car_accessories,unknown,unknown,0,0
C_C0303,C_U0227,2025-12-03 17:28:00,2025-12-04 13:10:00,1182,1,product_page,one_time,P0028,other_accessories,airpods_cases,unknown,0,1
C_C0304,C_U0276,2025-01-03 18:51:00,2025-01-06 19:35:00,4364,0,general_contact,lead,unknown,unknown,unknown,unknown,0,0
C_C0305,C_U0222,2025-02-21 20:52:00,2025-02-23 05:41:00,1969,0,product_page,lead,P0019,kits_and_bundles,unknown,unknown,0,0
C_C0306,C_U0278,2025-12-20 20:53:00,2025-12-21 05:45:00,532,0,product_page,one_time,P0004,retro_consoles,caseover_console,unknown,0,1
C_C0307,C_U0170,2025-12-10 15:51:00,2025-12-11 02:30:00,639,1,product_page,one_time,P0023,earphones,unknown,unknown,0,1
C_C0308,C_U0339,2025-03-13 12:04:00,2025-03-16 01:04:00,3660,1,product_page,lead,P0022,earphones,unknown,unknown,0,0
C_C0309,C_U0246,2025-02-03 21:39:00,2025-02-04 18:50:00,1271,1,product_page,lead,P0059,other_accessories,phone_cases,women,0,0
C_C0310,C_U0143,2025-02-06 14:39:00,2025-02-08 12:55:00,2776,0,product_page,one_time,P0011,car_accessories,unknown,unknown,0,0
C_C0311,C_U0179,2025-03-01 15:54:00,2025-03-01 19:38:00,224,1,product_page,lead,P0024,earphones,unknown,unknown,1,0
C_C0312,C_U0112,2025-03-13 16:47:00,2025-03-14 20:48:00,1681,0,product_page,two_times,P0013,cameras_and_accessories,unknown,unknown,0,0
C_C0313,C_U0055,2025-05-24 10:32:00,2025-05-28 04:50:00,5418,0,product_page,lead,P0010,car_accessories,unknown,unknown,0,0
C_C0314,C_U0242,2025-07-05 10:27:00,2025-07-09 05:41:00,5474,0,product_page,two_times,P0001,retro_consoles,caseover_console,unknown,0,0
C_C0315,C_U0082,2025-07-03 08:13:00,2025-07-04 13:12:00,1739,0,general_contact,one_time,P0005,retro_consoles,caseover_projector,unknown,0,0
C_C0316,C_U0349,2025-03-04 11:04:00,2025-03-04 12:29:00,85,0,product_page,lead,P0013,cameras_and_accessories,unknown,unknown,0,0
C_C0317,C_U0006,2025-08-19 18:07:00,2025-08-21 11:31:00,2484,0,product_page,two_times,P0007,retro_consoles,caseover_projector,unknown,0,0
C_C0318,C_U0063,2025-12-19 10:13:00,2025-12-19 10:45:00,32,1,product_page,lead,P0014,cameras_and_accessories,unknown,unknown,0,1
C_C0319,C_U0184,2025-11-16 14:03:00,2025-11-17 15:06:00,1503,1,general_contact,two_times,unknown,unknown,unknown,unknown,0,1
C_C0320,C_U0032,2025-04-24 08:23:00,2025-04-27 09:24:00,4381,0,product_page,one_time,P0007,retro_consoles,caseover_projector,unknown,0,0
C_C0321,C_U0296,2025-05-24 15:06:00,2025-05-26 05:13:00,2287,1,product_page,lead,P0037,other_accessories,phone_cases,all_phone_cases,0,0
C_C0322,C_U0056,2025-03-10 11:42:00,2025-03-12 06:09:00,2547,0,general_contact,vip,P0003,retro_consoles,caseover_console,unknown,0,0
C_C0323,C_U0337,2025-05-11 12:21:00,2025-05-12 22:35:00,2054,0,product_page,one_time,P0021,earphones,unknown,unknown,0,0
C_C0324,C_U0024,2025-09-14 17:25:00,2025-09-15 03:06:00,581,0,product_page,one_time,P0053,other_accessories,phone_cases,men,0,1
C_C0325,C_U0004,2025-09-08 08:48:00,2025-09-08 09:05:00,17,1,product_page,one_time,P0010,car_accessories,unknown,unknown,0,1
C_C0326,C_U0067,2025-12-28 15:44:00,2025-12-29 09:25:00,1061,0,general_contact,lead,unknown,unknown,unknown,unknown,1,1
C_C0327,C_U0301,2025-12-24 21:23:00,2025-12-25 02:54:00,331,1,product_page,one_time,P0018,kits_and_bundles,unknown,unknown,0,1
C_C0328,C_U0096,2025-03-05 21:41:00,2025-03-08 15:25:00,3944,0,product_page,two_times,P0014,cameras_and_accessories,unknown,unknown,0,0
C_C0329,C_U0032,2025-07-10 22:16:00,2025-07-13 16:58:00,4002,0,general_contact,vip,unknown,unknown,unknown,unknown,0,0
C_C0330,C_U0026,2025-12-05 21:10:00,2025-12-05 21:30:00,20,0,product_page,lead,P0014,cameras_and_accessories,unknown,unknown,0,1
C_C0331,C_U0204,2025-03-18 17:25:00,2025-03-20 02:04:00,1959,0,general_contact,one_time,P0023,earphones,unknown,unknown,0,0
C_C0332,C_U0162,2025-12-28 09:26:00,2025-12-29 08:03:00,1357,0,product_page,lead,P0024,earphones,unknown,unknown,1,1
C_C0333,C_U0004,2025-11-22 14:47:00,2025-11-22 17:53:00,186,0,general_contact,lead,P0003,retro_consoles,caseover_console,unknown,0,1
C_C0334,C_U0044,2025-09-17 19:20:00,2025-09-17 22:33:00,193,0,general_contact,two_times,P0001,retro_consoles,caseover_console,unknown,0,1
C_C0335,C_U0006,2025-08-10 18:47:00,2025-08-14 03:46:00,4859,1,product_page,lead,P0016,cameras_and_accessories,unknown,unknown,0,0
C_C0336,C_U0084,2025-02-25 08:58:00,2025-02-27 06:12:00,2714,0,product_page,lead,P0020,kits_and_bundles,unknown,unknown,1,0
C_C0337,C_U0003,2025-07-05 09:13:00,2025-07-08 08:40:00,4287,0,product_page,one_time,P0012,car_accessories,unknown,unknown,0,0
C_C0338,C_U0089,2025-11-14 12:55:00,2025-11-14 13:18:00,23,1,product_page,lead,P0019,kits_and_bundles,unknown,unknown,0,1
C_C0339,C_U0120,2025-06-22 22:39:00,2025-06-24 19:13:00,2674,0,product_page,vip,P0007,retro_consoles,caseover_projector,unknown,0,0
C_C0340,C_U0243,2025-09-11 20:38:00,2025-09-12 12:44:00,966,1,product_page,two_times,P0039,other_accessories,phone_cases,all_phone_cases,0,1
C_C0341,C_U0285,2025-12-04 22:35:00,2025-12-05 19:11:00,1236,0,product_page,lead,P0011,car_accessories,unknown,unknown,0,1
C_C0342,C_U0132,2025-06-06 13:55:00,2025-06-07 02:35:00,760,0,product_page,vip,P0006,retro_consoles,caseover_projector,unknown,0,0
C_C0343,C_U0074,2025-07-11 08:20:00,2025-07-15 06:44:00,5664,0,product_page,one_time,P0041,other_accessories,phone_cases,football,0,0
C_C0344,C_U0189,2025-09-17 15:20:00,2025-09-17 18:39:00,199,1,product_page,lead,P0012,car_accessories,unknown,unknown,0,1
C_C0345,C_U0308,2025-12-17 19:48:00,2025-12-18 04:08:00,500,1,product_page,one_time,P0019,kits_and_bundles,unknown,unknown,0,1
C_C0346,C_U0087,2025-11-26 21:38:00,2025-11-27 17:09:00,1171,0,product_page,two_times,P0003,retro_consoles,caseover_console,unknown,1,1
C_C0347,C_U0318,2025-06-10 17:13:00,2025-06-12 22:05:00,3172,1,general_contact,vip,P0016,cameras_and_accessories,unknown,unknown,0,0
C_C0348,C_U0176,2025-08-04 20:16:00,2025-08-07 02:29:00,3253,0,general_contact,vip,unknown,unknown,unknown,unknown,0,0
C_C0349,C_U0359,2025-07-06 18:58:00,2025-07-09 23:50:00,4612,0,product_page,vip,P0028,other_accessories,airpods_cases,unknown,0,0
C_C0350,C_U0257,2025-12-04 10:46:00,2025-12-04 11:30:00,44,1,general_contact,one_time,unknown,unknown,unknown,unknown,0,1
C_C0351,C_U0015,2025-05-05 09:55:00,2025-05-06 01:54:00,959,0,product_page,vip,P0003,retro_consoles,caseover_console,unknown,0,0
C_C0352,C_U0002,2025-01-21 20:17:00,2025-01-22 20:53:00,1476,0,product_page,vip,P0019,kits_and_bundles,unknown,unknown,0,0
C_C0353,C_U0151,2025-09-21 22:20:00,2025-09-24 18:15:00,4075,1,general_contact,vip,P0009,car_accessories,unknown,unknown,0,1
C_C0354,C_U0269,2025-12-01 20:07:00,2025-12-02 07:59:00,712,0,product_page,one_time,P0027,other_accessories,airpods_cases,unknown,1,1
C_C0355,C_U0201,2025-01-22 08:21:00,2025-01-26 05:39:00,5598,0,general_contact,one_time,unknown,unknown,unknown,unknown,0,0
C_C0356,C_U0255,2025-02-07 12:53:00,2025-02-10 20:46:00,4793,0,product_page,lead,P0016,cameras_and_accessories,unknown,unknown,0,0
C_C0357,C_U0175,2025-11-25 22:26:00,2025-11-26 10:19:00,713,1,product_page,vip,P0018,kits_and_bundles,unknown,unknown,1,1
C_C0358,C_U0177,2025-11-13 17:52:00,2025-11-14 20:27:00,1595,0,general_contact,one_time,P0032,other_accessories,protection_accessories,unknown,0,1
C_C0359,C_U0005,2025-10-01 20:29:00,2025-10-04 05:18:00,3409,1,product_page,vip,P0021,earphones,unknown,unknown,1,0
C_C0360,C_U0280,2025-12-25 09:12:00,2025-12-26 04:58:00,1186,1,product_page,vip,P0010,car_accessories,unknown,unknown,1,1
C_C0361,C_U0279,2025-07-16 17:37:00,2025-07-19 09:12:00,3815,0,general_contact,lead,unknown,unknown,unknown,unknown,0,0
C_C0362,C_U0143,2025-06-01 13:18:00,2025-06-01 23:33:00,615,1,product_page,two_times,P0006,retro_consoles,caseover_projector,unknown,1,0
C_C0363,C_U0331,2025-06-14 08:37:00,2025-06-17 22:40:00,5163,0,product_page,vip,P0008,retro_consoles,caseover_projector,unknown,0,0
C_C0364,C_U0211,2025-09-09 14:57:00,2025-09-09 18:23:00,206,0,product_page,vip,P0012,car_accessories,unknown,unknown,0,1
C_C0365,C_U0174,2025-12-10 17:40:00,2025-12-10 18:16:00,36,1,product_page,lead,P0016,cameras_and_accessories,unknown,unknown,0,1
C_C0366,C_U0090,2025-11-09 18:15:00,2025-11-10 10:26:00,971,0,product_page,lead,P0011,car_accessories,unknown,unknown,0,1
C_C0367,C_U0057,2025-12-02 16:02:00,2025-12-03 11:47:00,1185,1,product_page,vip,P0016,cameras_and_accessories,unknown,unknown,1,1
C_C0368,C_U0050,2025-02-08 22:38:00,2025-02-09 03:27:00,289,1,product_page,one_time,P0007,retro_consoles,caseover_projector,unknown,0,0
C_C0369,C_U0058,2025-04-17 09:38:00,2025-04-20 16:54:00,4756,0,product_page,lead,P0007,retro_consoles,caseover_projector,unknown,0,0
C_C0370,C_U0166,2025-12-14 10:20:00,2025-12-17 14:45:00,4585,0,general_contact,vip,unknown,unknown,unknown,unknown,0,1
C_C0371,C_U0054,2025-12-18 20:13:00,2025-12-19 01:31:00,318,0,product_page,two_times,P0001,retro_consoles,caseover_console,unknown,0,1
C_C0372,C_U0044,2025-09-27 15:54:00,2025-09-27 16:17:00,23,1,general_contact,vip,unknown,unknown,unknown,unknown,1,1
C_C0373,C_U0219,2025-06-28 16:36:00,2025-07-01 10:41:00,3965,1,product_page,lead,P0013,cameras_and_accessories,unknown,unknown,1,0
C_C0374,C_U0114,2025-11-14 08:17:00,2025-11-16 06:06:00,2749,1,general_contact,two_times,P0038,other_accessories,phone_cases,all_phone_cases,0,1
C_C0375,C_U0091,2025-11-04 10:11:00,2025-11-04 11:42:00,91,0,product_page,two_times,P0010,car_accessories,unknown,unknown,0,1
C_C0376,C_U0095,2025-08-16 19:43:00,2025-08-19 15:12:00,4049,0,product_page,lead,P0007,retro_consoles,caseover_projector,unknown,0,0
C_C0377,C_U0213,2025-01-06 09:14:00,2025-01-09 14:01:00,4607,0,product_page,one_time,P0045,other_accessories,phone_cases,personalized_cases,0,0
C_C0378,C_U0002,2025-12-10 11:37:00,2025-12-10 12:11:00,34,1,product_page,one_time,P0045,other_accessories,phone_cases,personalized_cases,0,1
C_C0379,C_U0103,2025-02-28 13:33:00,2025-03-01 14:18:00,1485,1,product_page,lead,P0023,earphones,unknown,unknown,1,0
C_C0380,C_U0236,2025-04-23 12:26:00,2025-04-24 14:41:00,1575,0,product_page,vip,P0037,other_accessories,phone_cases,all_phone_cases,0,0
C_C0381,C_U0343,2025-02-07 17:03:00,2025-02-09 16:29:00,2846,0,product_page,lead,P0019,kits_and_bundles,unknown,unknown,0,0
C_C0382,C_U0269,2025-09-12 10:57:00,2025-09-13 07:13:00,1216,1,product_page,vip,P0019,kits_and_bundles,unknown,unknown,0,1
C_C0383,C_U0283,2025-03-08 20:08:00,2025-03-09 00:21:00,253,0,general_contact,two_times,P0009,car_accessories,unknown,unknown,0,0
C_C0384,C_U0138,2025-01-05 13:02:00,2025-01-05 14:33:00,91,0,general_contact,vip,unknown,unknown,unknown,unknown,0,0
C_C0385,C_U0360,2025-09-01 19:23:00,2025-09-01 20:08:00,45,1,product_page,two_times,P0018,kits_and_bundles,unknown,unknown,1,1
C_C0386,C_U0351,2025-04-13 08:26:00,2025-04-14 22:40:00,2294,0,product_page,one_time,P0037,other_accessories,phone_cases,all_phone_cases,0,0
C_C0387,C_U0017,2025-01-15 15:35:00,2025-01-16 15:39:00,1444,0,general_contact,two_times,unknown,unknown,unknown,unknown,0,0
C_C0388,C_U0183,2025-07-17 09:48:00,2025-07-19 12:17:00,3029,0,product_page,vip,P0024,earphones,unknown,unknown,0,0
C_C0389,C_U0305,2025-11-28 22:05:00,2025-11-29 04:49:00,404,1,general_contact,two_times,P0016,cameras_and_accessories,unknown,unknown,1,1
C_C0390,C_U0034,2025-06-17 13:21:00,2025-06-20 03:11:00,3710,0,product_page,vip,P0018,kits_and_bundles,unknown,unknown,0,0
C_C0391,C_U0030,2025-12-09 10:35:00,2025-12-10 08:36:00,1321,1,product_page,lead,P0003,retro_consoles,caseover_console,unknown,0,1
C_C0392,C_U0179,2025-07-02 12:14:00,2025-07-04 16:35:00,3141,1,general_contact,two_times,unknown,unknown,unknown,unknown,1,0
C_C0393,C_U0122,2025-04-23 19:46:00,2025-04-26 07:36:00,3590,0,general_contact,one_time,P0018,kits_and_bundles,unknown,unknown,0,0
C_C0394,C_U0194,2025-11-08 22:28:00,2025-11-08 22:47:00,19,1,product_page,two_times,P0020,kits_and_bundles,unknown,unknown,0,1
C_C0395,C_U0113,2025-08-04 08:00:00,2025-08-05 15:10:00,1870,0,general_contact,lead,unknown,unknown,unknown,unknown,0,0
C_C0396,C_U0305,2025-11-26 10:11:00,2025-11-26 10:19:00,8,1,product_page,lead,P0001,retro_consoles,caseover_console,unknown,1,1
C_C0397,C_U0193,2025-11-10 17:16:00,2025-11-10 17:33:00,17,1,product_page,two_times,P0014,cameras_and_accessories,unknown,unknown,0,1
C_C0398,C_U0249,2025-09-24 18:42:00,2025-09-24 20:24:00,102,1,product_page,lead,P0010,car_accessories,unknown,unknown,0,1
C_C0399,C_U0002,2025-11-22 11:34:00,2025-11-23 00:08:00,754,1,product_page,one_time,P0018,kits_and_bundles,unknown,unknown,0,1
C_C0400,C_U0065,2025-08-04 16:49:00,2025-08-05 18:41:00,1552,0,product_page,vip,P0002,retro_consoles,caseover_console,unknown,0,0
C_C0401,C_U0202,2025-11-25 14:33:00,2025-11-26 00:40:00,607,1,product_page,one_time,P0004,retro_consoles,caseover_console,unknown,1,1
C_C0402,C_U0059,2025-09-21 09:33:00,2025-09-21 10:50:00,77,1,product_page,two_times,P0004,retro_consoles,caseover_console,unknown,0,1
C_C0403,C_U0020,2025-03-11 13:25:00,2025-03-12 22:17:00,1972,0,product_page,one_time,P0013,cameras_and_accessories,unknown,unknown,0,0
C_C0404,C_U0178,2025-06-22 17:21:00,2025-06-25 16:51:00,4290,0,general_contact,one_time,P0036,other_accessories,chargers_and_others,unknown,0,0
C_C0405,C_U0330,2025-11-15 12:17:00,2025-11-17 04:11:00,2394,1,general_contact,vip,P0010,car_accessories,unknown,unknown,0,1
C_C0406,C_U0115,2025-11-11 16:45:00,2025-11-11 17:36:00,51,0,general_contact,one_time,P0027,other_accessories,airpods_cases,unknown,0,1
C_C0407,C_U0303,2025-04-07 20:42:00,2025-04-10 08:16:00,3574,0,product_page,one_time,P0017,kits_and_bundles,unknown,unknown,0,0
C_C0408,C_U0097,2025-11-23 14:53:00,2025-11-23 17:25:00,152,0,general_contact,two_times,P0004,retro_consoles,caseover_console,unknown,0,1
C_C0409,C_U0064,2025-11-13 20:03:00,2025-11-14 17:29:00,1286,0,product_page,lead,P0001,retro_consoles,caseover_console,unknown,0,1
C_C0410,C_U0107,2025-05-17 18:38:00,2025-05-18 00:22:00,344,0,product_page,vip,P0021,earphones,unknown,unknown,0,0
C_C0411,C_U0162,2025-05-24 20:00:00,2025-05-26 12:36:00,2436,0,product_page,lead,P0042,other_accessories,phone_cases,football,0,0
C_C0412,C_U0296,2025-12-10 16:16:00,2025-12-10 17:28:00,72,0,product_page,two_times,P0024,earphones,unknown,unknown,0,1
C_C0413,C_U0028,2025-07-16 16:51:00,2025-07-18 09:43:00,2452,0,general_contact,one_time,unknown,unknown,unknown,unknown,0,0
C_C0414,C_U0207,2025-11-11 17:13:00,2025-11-12 09:36:00,983,0,general_contact,vip,P0008,retro_consoles,caseover_projector,unknown,0,1
C_C0415,C_U0293,2025-12-03 18:09:00,2025-12-03 18:56:00,47,0,product_page,lead,P0055,other_accessories,phone_cases,men,0,1
C_C0416,C_U0157,2025-10-01 17:44:00,2025-10-01 18:26:00,42,1,product_page,lead,P0006,retro_consoles,caseover_projector,unknown,1,0
C_C0417,C_U0348,2025-10-16 17:57:00,2025-10-17 16:31:00,1354,0,product_page,one_time,P0024,earphones,unknown,unknown,0,0
C_C0418,C_U0224,2025-04-11 13:18:00,2025-04-12 14:01:00,1483,0,product_page,lead,P0003,retro_consoles,caseover_console,unknown,0,0
C_C0419,C_U0324,2025-06-17 12:53:00,2025-06-20 20:01:00,4748,0,general_contact,one_time,P0019,kits_and_bundles,unknown,unknown,0,0
C_C0420,C_U0172,2025-05-28 08:36:00,2025-05-29 23:09:00,2313,1,product_page,vip,P0027,other_accessories,airpods_cases,unknown,1,0
C_C0421,C_U0064,2025-12-22 20:26:00,2025-12-22 20:45:00,19,1,product_page,vip,P0005,retro_consoles,caseover_projector,unknown,0,1
C_C0422,C_U0202,2025-09-28 19:10:00,2025-09-29 10:21:00,911,1,general_contact,two_times,unknown,unknown,unknown,unknown,1,1
C_C0423,C_U0168,2025-03-12 09:58:00,2025-03-15 05:12:00,4034,0,general_contact,two_times,P0009,car_accessories,unknown,unknown,0,0
C_C0424,C_U0133,2025-09-06 17:18:00,2025-09-06 22:19:00,301,0,general_contact,vip,unknown,unknown,unknown,unknown,0,1
C_C0425,C_U0063,2025-11-03 18:33:00,2025-11-04 06:03:00,690,0,product_page,vip,P0045,other_accessories,phone_cases,personalized_cases,0,1
C_C0426,C_U0325,2025-12-22 12:09:00,2025-12-22 12:35:00,26,1,product_page,lead,P0047,other_accessories,phone_cases,personalized_cases,0,1
C_C0427,C_U0252,2025-06-27 21:29:00,2025-06-27 23:46:00,137,0,product_page,one_time,P0017,kits_and_bundles,unknown,unknown,1,0
C_C0428,C_U0233,2025-09-15 08:31:00,2025-09-15 20:42:00,731,1,general_contact,lead,P0059,other_accessories,phone_cases,women,0,1
C_C0429,C_U0189,2025-02-28 10:43:00,2025-03-03 22:21:00,5018,1,product_page,one_time,P0047,other_accessories,phone_cases,personalized_cases,1,0
C_C0430,C_U0253,2025-05-20 09:36:00,2025-05-24 00:57:00,5241,1,product_page,one_time,P0004,retro_consoles,caseover_console,unknown,0,0
C_C0431,C_U0284,2025-07-26 20:57:00,2025-07-27 20:00:00,1383,0,product_page,two_times,P0022,earphones,unknown,unknown,1,0
C_C0432,C_U0105,2025-03-25 20:43:00,2025-03-27 14:15:00,2492,0,product_page,lead,P0020,kits_and_bundles,unknown,unknown,1,0
C_C0433,C_U0261,2025-09-02 18:50:00,2025-09-02 19:20:00,30,1,general_contact,vip,P0007,retro_consoles,caseover_projector,unknown,1,1
C_C0434,C_U0192,2025-10-12 12:51:00,2025-10-15 10:49:00,4198,0,general_contact,vip,unknown,unknown,unknown,unknown,0,0
C_C0435,C_U0169,2025-07-22 15:39:00,2025-07-25 06:29:00,3770,0,product_page,one_time,P0040,other_accessories,phone_cases,all_phone_cases,0,0
C_C0436,C_U0093,2025-12-28 10:12:00,2025-12-28 20:46:00,634,1,product_page,one_time,P0044,other_accessories,phone_cases,football,1,1
C_C0437,C_U0100,2025-11-08 12:41:00,2025-11-08 13:18:00,37,1,general_contact,two_times,P0041,other_accessories,phone_cases,football,0,1
C_C0438,C_U0018,2025-12-11 15:37:00,2025-12-11 21:11:00,334,0,general_contact,vip,unknown,unknown,unknown,unknown,0,1
C_C0439,C_U0020,2025-03-21 15:57:00,2025-03-23 23:50:00,3353,0,general_contact,two_times,P0043,other_accessories,phone_cases,football,0,0
C_C0440,C_U0351,2025-09-26 12:21:00,2025-09-26 14:58:00,157,0,general_contact,two_times,P0016,cameras_and_accessories,unknown,unknown,1,1
C_C0441,C_U0064,2025-07-06 22:16:00,2025-07-07 03:27:00,311,0,product_page,vip,P0042,other_accessories,phone_cases,football,0,0
C_C0442,C_U0034,2025-05-18 09:14:00,2025-05-21 03:34:00,3980,0,general_contact,two_times,P0023,earphones,unknown,unknown,0,0
C_C0443,C_U0284,2025-11-26 10:52:00,2025-11-26 14:03:00,191,0,general_contact,two_times,P0024,earphones,unknown,unknown,1,1
C_C0444,C_U0074,2025-12-23 13:33:00,2025-12-23 13:50:00,17,1,product_page,lead,P0016,cameras_and_accessories,unknown,unknown,0,1
C_C0445,C_U0101,2025-01-13 22:31:00,2025-01-14 22:25:00,1434,0,general_contact,lead,P0038,other_accessories,phone_cases,all_phone_cases,0,0
C_C0446,C_U0016,2025-02-12 08:22:00,2025-02-15 16:16:00,4794,0,product_page,vip,P0024,earphones,unknown,unknown,0,0
C_C0447,C_U0205,2025-11-04 18:51:00,2025-11-05 15:32:00,1241,1,product_page,one_time,P0041,other_accessories,phone_cases,football,0,1
C_C0448,C_U0185,2025-11-18 14:28:00,2025-11-19 21:00:00,1832,0,product_page,one_time,P0021,earphones,unknown,unknown,0,1
C_C0449,C_U0336,2025-11-03 08:19:00,2025-11-03 11:09:00,170,1,product_page,two_times,P0014,cameras_and_accessories,unknown,unknown,0,1
C_C0450,C_U0150,2025-11-02 13:57:00,2025-11-02 14:32:00,35,1,product_page,two_times,P0013,cameras_and_accessories,unknown,unknown,1,1
C_C0451,C_U0071,2025-04-17 19:17:00,2025-04-19 14:44:00,2607,0,product_page,one_time,P0006,retro_consoles,caseover_projector,unknown,0,0
C_C0452,C_U0079,2025-04-15 18:31:00,2025-04-18 20:11:00,4420,1,product_page,vip,P0013,cameras_and_accessories,unknown,unknown,0,0
C_C0453,C_U0076,2025-12-28 15:22:00,2025-12-29 02:37:00,675,1,general_contact,vip,unknown,unknown,unknown,unknown,1,1
C_C0454,C_U0173,2025-02-27 22:18:00,2025-03-01 02:55:00,1717,1,product_page,one_time,P0048,other_accessories,phone_cases,personalized_cases,1,0
C_C0455,C_U0129,2025-11-07 12:55:00,2025-11-07 20:32:00,457,0,product_page,lead,P0021,earphones,unknown,unknown,0,1
C_C0456,C_U0118,2025-07-06 12:11:00,2025-07-06 14:16:00,125,0,general_contact,lead,P0053,other_accessories,phone_cases,men,0,0
C_C0457,C_U0134,2025-07-11 10:41:00,2025-07-11 11:00:00,19,1,product_page,two_times,P0022,earphones,unknown,unknown,0,0
C_C0458,C_U0139,2025-09-08 19:06:00,2025-09-09 06:55:00,709,1,general_contact,one_time,P0054,other_accessories,phone_cases,men,0,1
C_C0459,C_U0081,2025-05-18 21:31:00,2025-05-21 02:43:00,3192,1,product_page,lead,P0018,kits_and_bundles,unknown,unknown,0,0
C_C0460,C_U0055,2025-10-20 22:33:00,2025-10-20 22:48:00,15,0,general_contact,one_time,P0004,retro_consoles,caseover_console,unknown,0,0
C_C0461,C_U0336,2025-08-22 10:14:00,2025-08-23 04:52:00,1118,0,product_page,two_times,P0021,earphones,unknown,unknown,0,0
C_C0462,C_U0166,2025-06-17 09:04:00,2025-06-17 11:04:00,120,0,product_page,vip,P0013,cameras_and_accessories,unknown,unknown,0,0
C_C0463,C_U0236,2025-09-13 21:33:00,2025-09-14 00:30:00,177,1,general_contact,one_time,P0051,other_accessories,phone_cases,cars,0,1
C_C0464,C_U0089,2025-12-20 13:01:00,2025-12-21 11:01:00,1320,1,product_page,one_time,P0013,cameras_and_accessories,unknown,unknown,0,1
C_C0465,C_U0298,2025-03-15 10:18:00,2025-03-15 10:31:00,13,0,product_page,lead,P0023,earphones,unknown,unknown,0,0
C_C0466,C_U0278,2025-07-07 22:37:00,2025-07-07 22:57:00,20,0,product_page,one_time,P0051,other_accessories,phone_cases,cars,0,0
C_C0467,C_U0029,2025-12-28 08:01:00,2025-12-28 08:36:00,35,1,product_page,two_times,P0021,earphones,unknown,unknown,1,1
C_C0468,C_U0169,2025-09-25 09:38:00,2025-09-25 10:33:00,55,1,product_page,vip,P0036,other_accessories,chargers_and_others,unknown,1,1
C_C0469,C_U0236,2025-11-10 19:58:00,2025-11-11 08:02:00,724,0,general_contact,two_times,unknown,unknown,unknown,unknown,0,1
C_C0470,C_U0049,2025-03-02 20:00:00,2025-03-06 12:25:00,5305,1,product_page,lead,P0019,kits_and_bundles,unknown,unknown,1,0
C_C0471,C_U0087,2025-08-16 17:41:00,2025-08-19 00:10:00,3269,0,product_page,two_times,P0004,retro_consoles,caseover_console,unknown,0,0
C_C0472,C_U0358,2025-02-14 10:14:00,2025-02-16 18:11:00,3357,0,product_page,one_time,P0016,cameras_and_accessories,unknown,unknown,0,0
C_C0473,C_U0205,2025-12-04 13:05:00,2025-12-04 13:18:00,13,1,product_page,one_time,P0014,cameras_and_accessories,unknown,unknown,0,1
C_C0474,C_U0090,2025-08-19 12:33:00,2025-08-19 16:18:00,225,0,product_page,one_time,P0002,retro_consoles,caseover_console,unknown,0,0
C_C0475,C_U0195,2025-06-14 08:49:00,2025-06-16 11:11:00,3022,1,product_page,one_time,P0012,car_accessories,unknown,unknown,0,0
C_C0476,C_U0249,2025-05-10 10:33:00,2025-05-13 02:22:00,3829,0,product_page,vip,P0011,car_accessories,unknown,unknown,0,0
C_C0477,C_U0276,2025-12-02 10:43:00,2025-12-02 10:59:00,16,1,product_page,vip,P0021,earphones,unknown,unknown,1,1
C_C0478,C_U0337,2025-03-09 19:47:00,2025-03-10 06:58:00,671,1,general_contact,vip,P0045,other_accessories,phone_cases,personalized_cases,0,0
C_C0479,C_U0339,2025-09-07 22:25:00,2025-09-08 08:35:00,610,1,general_contact,lead,unknown,unknown,unknown,unknown,0,1
C_C0480,C_U0177,2025-05-14 12:15:00,2025-05-14 21:17:00,542,0,product_page,one_time,P0003,retro_consoles,caseover_console,unknown,0,0
C_C0481,C_U0069,2025-12-10 13:58:00,2025-12-10 14:17:00,19,0,product_page,lead,P0038,other_accessories,phone_cases,all_phone_cases,0,1
C_C0482,C_U0281,2025-08-02 08:43:00,2025-08-02 12:04:00,201,0,general_contact,vip,P0021,earphones,unknown,unknown,1,0
C_C0483,C_U0271,2025-11-03 18:07:00,2025-11-05 01:10:00,1863,1,product_page,one_time,P0058,other_accessories,phone_cases,women,0,1
C_C0484,C_U0156,2025-09-09 10:32:00,2025-09-09 14:25:00,233,1,product_page,two_times,P0024,earphones,unknown,unknown,0,1
C_C0485,C_U0082,2025-11-13 14:31:00,2025-11-13 15:00:00,29,1,product_page,one_time,P0004,retro_consoles,caseover_console,unknown,0,1
C_C0486,C_U0261,2025-11-01 19:36:00,2025-11-02 01:55:00,379,1,general_contact,vip,P0029,other_accessories,protection_accessories,unknown,1,1
C_C0487,C_U0322,2025-04-03 21:49:00,2025-04-07 18:35:00,5566,0,product_page,vip,P0016,cameras_and_accessories,unknown,unknown,0,0
C_C0488,C_U0165,2025-02-21 14:49:00,2025-02-23 00:07:00,1998,1,product_page,lead,P0012,car_accessories,unknown,unknown,0,0
C_C0489,C_U0034,2025-11-02 10:56:00,2025-11-02 13:53:00,177,0,general_contact,lead,P0006,retro_consoles,caseover_projector,unknown,1,1
C_C0490,C_U0216,2025-01-13 13:23:00,2025-01-16 07:31:00,3968,0,general_contact,lead,unknown,unknown,unknown,unknown,0,0
C_C0491,C_U0121,2025-11-03 18:44:00,2025-11-04 06:01:00,677,1,product_page,one_time,P0030,other_accessories,protection_accessories,unknown,0,1
C_C0492,C_U0214,2025-05-21 19:43:00,2025-05-22 04:03:00,500,1,product_page,one_time,P0016,cameras_and_accessories,unknown,unknown,0,0
C_C0493,C_U0113,2025-09-05 14:13:00,2025-09-05 15:38:00,85,1,general_contact,lead,unknown,unknown,unknown,unknown,0,1
C_C0494,C_U0012,2025-04-16 19:39:00,2025-04-19 05:11:00,3452,1,product_page,two_times,P0060,other_accessories,phone_cases,women,0,0
C_C0495,C_U0082,2025-03-14 16:38:00,2025-03-16 22:56:00,3258,0,product_page,two_times,P0052,other_accessories,phone_cases,cars,0,0
C_C0496,C_U0282,2025-07-14 11:36:00,2025-07-15 05:19:00,1063,1,general_contact,vip,unknown,unknown,unknown,unknown,0,0
C_C0497,C_U0106,2025-12-17 18:22:00,2025-12-17 18:47:00,25,0,product_page,lead,P0011,car_accessories,unknown,unknown,0,1
C_C0498,C_U0084,2025-02-21 19:03:00,2025-02-21 23:00:00,237,1,product_page,one_time,P0020,kits_and_bundles,unknown,unknown,0,0
C_C0499,C_U0197,2025-12-25 09:14:00,2025-12-25 11:02:00,108,1,product_page,lead,P0016,cameras_and_accessories,unknown,unknown,1,1
C_C0500,C_U0189,2025-03-12 20:42:00,2025-03-16 04:40:00,4798,0,product_page,one_time,P0052,other_accessories,phone_cases,cars,0,0
